product,store,price,url
Tropical Sun Rice 5kg,Melcom,82.5,https://melcom.com
Tropical Sun Rice 5kg,Shoprite,86.99,https://shoprite.com.gh
Tropical Sun Rice 5kg,China Mall,79.95,https://www.google.com/maps/search/China+Mall+Ghana
Kivo Gari 1kg,Melcom,18.75,https://melcom.com
Kivo Gari 1kg,Shoprite,20.4,https://shoprite.com.gh
Kivo Gari 1kg,China Mall,17.5,https://www.google.com/maps/search/China+Mall+Ghana
Pepsi 1.5L,Melcom,16.9,https://melcom.com
Pepsi 1.5L,Shoprite,15.75,https://shoprite.com.gh
Pepsi 1.5L,China Mall,14.99,https://www.google.com/maps/search/China+Mall+Ghana
Key Soap 175g,Melcom,9.5,https://melcom.com
Key Soap 175g,Shoprite,10.25,https://shoprite.com.gh
Key Soap 175g,China Mall,8.9,https://www.google.com/maps/search/China+Mall+Ghana
Milo 500g,Melcom,39.99,https://melcom.com
Milo 500g,Shoprite,42.5,https://shoprite.com.gh
Milo 500g,China Mall,37.75,https://www.google.com/maps/search/China+Mall+Ghana